rank_test_score,params,validation_MAE_MPa,std_test_score,train_MAE_MPa,mean_fit_time
1,"{'n_estimators': 500, 'min_samples_split': 2, 'min_samples_leaf': 1, 'max_features': 1.0, 'max_depth': None}",96.26585111836718,12.228944638645174,36.2712785065325,1.0661660194396974
2,"{'n_estimators': 800, 'min_samples_split': 2, 'min_samples_leaf': 1, 'max_features': 0.7, 'max_depth': None}",96.34980641836724,10.425244601854569,35.96035782160772,1.7275820255279541
3,"{'n_estimators': 300, 'min_samples_split': 2, 'min_samples_leaf': 1, 'max_features': 0.7, 'max_depth': None}",97.0133085170069,10.017691679293296,36.32710211222776,1.1798768520355225
4,"{'n_estimators': 300, 'min_samples_split': 5, 'min_samples_leaf': 1, 'max_features': 0.7, 'max_depth': None}",97.51054606472022,11.503416468033947,45.8860569851439,0.5986818790435791
5,"{'n_estimators': 500, 'min_samples_split': 2, 'min_samples_leaf': 2, 'max_features': 0.7, 'max_depth': 15}",98.2017431740503,10.805210857388186,49.34404232414775,0.8859077453613281
6,"{'n_estimators': 500, 'min_samples_split': 2, 'min_samples_leaf': 2, 'max_features': 0.7, 'max_depth': None}",98.22084369432393,10.745585111183882,49.33598668190132,1.1504524230957032
7,"{'n_estimators': 300, 'min_samples_split': 2, 'min_samples_leaf': 1, 'max_features': 'sqrt', 'max_depth': 20}",98.32249639495949,11.115062775946711,38.04399025489866,0.503658390045166
8,"{'n_estimators': 500, 'min_samples_split': 5, 'min_samples_leaf': 1, 'max_features': 1.0, 'max_depth': None}",98.37389813703444,12.67888184007298,44.875062151414866,1.0760871410369872
9,"{'n_estimators': 500, 'min_samples_split': 5, 'min_samples_leaf': 2, 'max_features': 1.0, 'max_depth': 15}",99.12149370743184,11.10940380753708,51.30630935969255,0.9506558418273926
10,"{'n_estimators': 300, 'min_samples_split': 2, 'min_samples_leaf': 2, 'max_features': 1.0, 'max_depth': 10}",99.92479691068486,11.495066268278396,51.186215647992,1.4257776737213135
11,"{'n_estimators': 300, 'min_samples_split': 5, 'min_samples_leaf': 2, 'max_features': 0.7, 'max_depth': 20}",100.52641724191496,10.576837107121731,52.469564679589645,0.829787302017212
12,"{'n_estimators': 500, 'min_samples_split': 10, 'min_samples_leaf': 1, 'max_features': 0.7, 'max_depth': 10}",103.87158863744403,13.955959630418336,65.11272377822696,0.9347553253173828
13,"{'n_estimators': 500, 'min_samples_split': 10, 'min_samples_leaf': 1, 'max_features': 1.0, 'max_depth': None}",103.88533005880436,15.013123595361465,62.226241649939354,0.8069756507873536
14,"{'n_estimators': 500, 'min_samples_split': 10, 'min_samples_leaf': 2, 'max_features': 0.7, 'max_depth': 20}",103.92667871171258,12.645062372276149,67.25262202542885,0.8490763664245605
15,"{'n_estimators': 500, 'min_samples_split': 10, 'min_samples_leaf': 2, 'max_features': 0.7, 'max_depth': 15}",103.9410702939949,12.673605738896665,67.281595621642,0.8555299282073975
16,"{'n_estimators': 300, 'min_samples_split': 10, 'min_samples_leaf': 1, 'max_features': 0.7, 'max_depth': 10}",104.03967233129626,13.752843326861699,65.24013984524846,0.5794973850250245
17,"{'n_estimators': 800, 'min_samples_split': 10, 'min_samples_leaf': 2, 'max_features': 0.7, 'max_depth': 10}",104.50803226845446,12.921624617658772,68.28839790077969,1.0431842803955078
18,"{'n_estimators': 300, 'min_samples_split': 2, 'min_samples_leaf': 2, 'max_features': 'sqrt', 'max_depth': 15}",104.60271807839759,11.442533753249334,62.91293947944255,0.45986666679382326
19,"{'n_estimators': 800, 'min_samples_split': 5, 'min_samples_leaf': 2, 'max_features': 'sqrt', 'max_depth': None}",105.41759500478524,13.25307656986042,65.02188761122503,1.2688753128051757
20,"{'n_estimators': 300, 'min_samples_split': 5, 'min_samples_leaf': 4, 'max_features': 0.7, 'max_depth': None}",105.78731489884356,12.126439855134597,72.75650926836457,0.6088093757629395
21,"{'n_estimators': 300, 'min_samples_split': 10, 'min_samples_leaf': 4, 'max_features': 1.0, 'max_depth': 15}",107.61046553170641,12.98818508699908,74.73707292627576,0.5176106929779053
22,"{'n_estimators': 800, 'min_samples_split': 10, 'min_samples_leaf': 1, 'max_features': 'sqrt', 'max_depth': 20}",112.29787918973139,14.90561825101378,76.64704127320245,1.2645066738128663
23,"{'n_estimators': 200, 'min_samples_split': 10, 'min_samples_leaf': 2, 'max_features': 'sqrt', 'max_depth': 10}",114.25269134205617,14.893551452051975,83.7907625979045,0.3046811580657959
24,"{'n_estimators': 800, 'min_samples_split': 10, 'min_samples_leaf': 2, 'max_features': 'sqrt', 'max_depth': 15}",114.93286284261949,15.368800368054703,82.47995879826955,1.1497306823730469
25,"{'n_estimators': 200, 'min_samples_split': 2, 'min_samples_leaf': 1, 'max_features': 0.7, 'max_depth': 5}",114.93691126998901,15.527983386007193,81.16617597840361,0.3439950466156006
26,"{'n_estimators': 800, 'min_samples_split': 2, 'min_samples_leaf': 2, 'max_features': 0.7, 'max_depth': 5}",115.13103906137943,15.907354486847595,84.27803446865171,1.4826229572296143
27,"{'n_estimators': 300, 'min_samples_split': 5, 'min_samples_leaf': 1, 'max_features': 0.7, 'max_depth': 5}",115.45842350685552,16.478568425855787,83.31552933637255,0.4981839179992676
28,"{'n_estimators': 500, 'min_samples_split': 2, 'min_samples_leaf': 4, 'max_features': 'sqrt', 'max_depth': 20}",119.93962162761973,16.79476288468539,91.16545028701765,0.8273509025573731
29,"{'n_estimators': 300, 'min_samples_split': 10, 'min_samples_leaf': 1, 'max_features': 1.0, 'max_depth': 5}",120.34034031723131,18.225994053749776,92.20627995800763,0.5065963745117188
30,"{'n_estimators': 800, 'min_samples_split': 10, 'min_samples_leaf': 2, 'max_features': 'sqrt', 'max_depth': 5}",127.94532557665369,17.033706492817824,103.83501877565655,1.166252851486206
